ident,type,name,continent,iso_country,iso_region,municipality,iata_code,coordinates,priority
AYPY,large_airport,Port Moresby Jacksons International Airport,OC,PG,PG-NCD,Port Moresby,POM,"-9.443380355834961, 147.22000122070312",1
BIKF,large_airport,Keflavik International Airport,EU,IS,IS-2,Reykjavík,KEF,"63.985001, -22.6056",1
CYEG,large_airport,Edmonton International Airport,NA,CA,CA-AB,Edmonton,YEG,"53.3097, -113.580002",1
CYHZ,large_airport,Halifax / Stanfield International Airport,NA,CA,CA-NS,Halifax,YHZ,"44.8807983398, -63.5085983276",1
CYOW,large_airport,Ottawa Macdonald-Cartier International Airport,NA,CA,CA-ON,Ottawa,YOW,"45.322498, -75.669197",1
CYQB,large_airport,Quebec Jean Lesage International Airport,NA,CA,CA-QC,Quebec,YQB,"46.7911, -71.393303",1
CYUL,large_airport,Montreal / Pierre Elliott Trudeau International Airport,NA,CA,CA-QC,Montréal,YUL,"45.467837, -73.742294",1
CYVR,large_airport,Vancouver International Airport,NA,CA,CA-BC,Vancouver,YVR,"49.193901062, -123.183998108",1
CYWG,large_airport,Winnipeg / James Armstrong Richardson International Airport,NA,CA,CA-MB,Winnipeg,YWG,"49.909999847399995, -97.2398986816",1
CYYC,large_airport,Calgary International Airport,NA,CA,CA-AB,Calgary,YYC,"51.118822, -114.009933",1
CYYZ,large_airport,Toronto Lester B. Pearson International Airport,NA,CA,CA-ON,Toronto,YYZ,"43.6772, -79.6306",1
DAAG,large_airport,Houari Boumediene Airport,AF,DZ,DZ-16,Algiers,ALG,"36.693886, 3.214531",1
DGAA,large_airport,Kotoka International Airport,AF,GH,GH-AA,Accra,ACC,"5.605189800262451, -0.16678600013256073",1
DNAA,large_airport,Nnamdi Azikiwe International Airport,AF,NG,NG-FC,Abuja,ABV,"9.00679, 7.26317",1
DNMM,large_airport,Murtala Muhammed International Airport,AF,NG,NG-LA,Lagos,LOS,"6.5773701667785645, 3.321160078048706",1
DTTA,large_airport,Tunis Carthage International Airport,AF,TN,TN-11,Tunis,TUN,"36.851002, 10.2272",1
EBBR,large_airport,Brussels Airport,EU,BE,BE-VBR,Zaventem,BRU,"50.901402, 4.48444",1
EDDF,large_airport,Frankfurt Airport,EU,DE,DE-HE,Frankfurt am Main,FRA,"50.030241, 8.561096",1
EDDH,large_airport,Hamburg Helmut Schmidt Airport,EU,DE,DE-HH,Hamburg,HAM,"53.630402, 9.98823",1
EDDK,large_airport,Cologne Bonn Airport,EU,DE,DE-NW,Köln (Cologne),CGN,"50.865898, 7.14274",1
EDDL,large_airport,Düsseldorf Airport,EU,DE,DE-NW,Düsseldorf,DUS,"51.289501, 6.76678",1
EDDM,large_airport,Munich Airport,EU,DE,DE-BY,Munich,MUC,"48.353802, 11.7861",1
EDDN,large_airport,Nuremberg Airport,EU,DE,DE-BY,Nuremberg,NUE,"49.498699, 11.078056",1
EDDP,large_airport,Leipzig/Halle Airport,EU,DE,DE-SN,Schkeuditz,LEJ,"51.420657, 12.232705",1
EDDS,large_airport,Stuttgart Airport,EU,DE,DE-BW,Stuttgart,STR,"48.689899, 9.22196",1
EDDV,large_airport,Hannover Airport,EU,DE,DE-NI,Hannover,HAJ,"52.461102, 9.68508",1
EETN,large_airport,Lennart Meri Tallinn Airport,EU,EE,EE-37,Tallinn,TLL,"59.413246, 24.83264",1
EFHK,large_airport,Helsinki Vantaa Airport,EU,FI,FI-18,Helsinki,HEL,"60.318363, 24.963341",1
EGAA,large_airport,Belfast International Airport,EU,GB,GB-NIR,Belfast,BFS,"54.6575012207, -6.2158298492399995",1
EGBB,large_airport,Birmingham Airport,EU,GB,GB-ENG,"Birmingham, West Midlands",BHX,"52.453899, -1.74803",1
EGCC,large_airport,Manchester Airport,EU,GB,GB-ENG,"Manchester, Greater Manchester",MAN,"53.349375, -2.279521",1
EGGW,large_airport,London Luton Airport,EU,GB,GB-ENG,"Luton, Bedfordshire",LTN,"51.874699, -0.368333",1
EGKK,large_airport,London Gatwick Airport,EU,GB,GB-ENG,"Gatwick, Surrey",LGW,"51.148771, -0.192089",1
EGLL,large_airport,London Heathrow Airport,EU,GB,GB-ENG,London,LHR,"51.4706, -0.461941",1
EGPF,large_airport,Glasgow International Airport,EU,GB,GB-SCT,"Paisley, Renfrewshire",GLA,"55.871899, -4.43306",1
EGPH,large_airport,Edinburgh Airport,EU,GB,GB-SCT,Edinburgh,EDI,"55.950145, -3.372288",1
EGSS,large_airport,London Stansted Airport,EU,GB,GB-ENG,London,STN,"51.884998, 0.235",1
EHAM,large_airport,Amsterdam Airport Schiphol,EU,NL,NL-NH,Amsterdam,AMS,"52.308601, 4.76389",1
EHEH,large_airport,Eindhoven Airport,EU,NL,NL-NB,Eindhoven,EIN,"51.4500999451, 5.37452983856",1
EIDW,large_airport,Dublin Airport,EU,IE,IE-D,Dublin,DUB,"53.428713, -6.262121",1
EINN,large_airport,Shannon Airport,EU,IE,IE-CE,Shannon,SNN,"52.702, -8.92482",1
EKBI,large_airport,Billund Airport,EU,DK,DK-83,Billund,BLL,"55.740335, 9.157019",1
EKCH,large_airport,Copenhagen Kastrup Airport,EU,DK,DK-84,Copenhagen,CPH,"55.617900848389, 12.656000137329",1
ELLX,large_airport,Luxembourg-Findel International Airport,EU,LU,LU-L,Luxembourg,LUX,"49.6233333, 6.2044444",1
ENBR,large_airport,"Bergen Airport, Flesland",EU,NO,NO-46,Bergen,BGO,"60.2934, 5.21814",1
ENGM,large_airport,"Oslo Airport, Gardermoen",EU,NO,NO-32,Oslo,OSL,"60.193901, 11.1004",1
ENTC,large_airport,"Tromsø Airport, Langnes",EU,NO,NO-55,Tromsø,TOS,"69.683296, 18.9189",1
ENVA,large_airport,"Trondheim Airport, Værnes",EU,NO,NO-50,Trondheim,TRD,"63.457802, 10.924",1
ENZV,large_airport,"Stavanger Airport, Sola",EU,NO,NO-11,Stavanger,SVG,"58.876701, 5.63778",1
EPGD,large_airport,Gdańsk Lech Wałęsa Airport,EU,PL,PL-PM,Gdańsk,GDN,"54.377602, 18.4662",1
EPKK,large_airport,Kraków John Paul II International Airport,EU,PL,PL-MA,Balice,KRK,"50.077702, 19.7848",1
EPWA,large_airport,Warsaw Chopin Airport,EU,PL,PL-MZ,Warsaw,WAW,"52.165699, 20.9671",1
ESGG,large_airport,Göteborg Landvetter Airport,EU,SE,SE-Q,Göteborg,GOT,"57.6628, 12.2798",1
ESSA,large_airport,Stockholm-Arlanda Airport,EU,SE,SE-AB,Stockholm,ARN,"59.64849, 17.928829",1
EVRA,large_airport,Riga International Airport,EU,LV,LV-062,Riga,RIX,"56.923599, 23.9711",1
EYVI,large_airport,Vilnius International Airport,EU,LT,LT-VL,Vilnius,VNO,"54.634102, 25.285801",1
FACT,large_airport,Cape Town International Airport,AF,ZA,ZA-WC,Cape Town,CPT,"-33.9648017883, 18.6016998291",1
FAOR,large_airport,O.R. Tambo International Airport,AF,ZA,ZA-GT,Johannesburg,JNB,"-26.1392, 28.246",1
FIMP,large_airport,Sir Seewoosagur Ramgoolam International Airport,AF,MU,MU-GP,Plaine Magnien,MRU,"-20.430201, 57.683601",1
FLLS,large_airport,Kenneth Kaunda International Airport,AF,ZM,ZM-09,Lusaka,LUN,"-15.330833, 28.452722",1
FMMI,large_airport,Ivato Airport,AF,MG,MG-T,Antananarivo,TNR,"-18.7969, 47.478802",1
FNLU,large_airport,Quatro de Fevereiro International Airport,AF,AO,AO-LUA,Luanda,LAD,"-8.85837, 13.2312",1
FVHA,large_airport,Robert Gabriel Mugabe International Airport,AF,ZW,ZW-HA,Harare,HRE,"-17.931801, 31.0928",1
FZAA,large_airport,Ndjili International Airport,AF,CD,CD-KN,Kinshasa,FIH,"-4.38575, 15.4446",1
GABS,large_airport,Modibo Keita International Airport,AF,ML,ML-2,Bamako,BKO,"12.5335, -7.94994",1
GCFV,large_airport,Fuerteventura Airport,AF,ES,ES-CN,El Matorral,FUE,"28.4527, -13.8638",1
GCLP,large_airport,Gran Canaria Airport,AF,ES,ES-CN,Gran Canaria Island,LPA,"27.9319, -15.3866",1
GCRR,large_airport,César Manrique-Lanzarote Airport,AF,ES,ES-CN,San Bartolomé,ACE,"28.945499, -13.6052",1
GCTS,large_airport,Tenerife Sur Airport,AF,ES,ES-CN,Tenerife,TFS,"28.0445, -16.5725",1
GMMN,large_airport,Mohammed V International Airport,AF,MA,MA-CAS,Casablanca,CMN,"33.3675, -7.58997",1
HAAB,large_airport,Addis Ababa Bole International Airport,AF,ET,ET-AA,Addis Ababa,ADD,"8.97789, 38.799301",1
HECA,large_airport,Cairo International Airport,AF,EG,EG-C,Cairo,CAI,"30.111534, 31.396694",1
HEGN,large_airport,Hurghada International Airport,AF,EG,EG-BA,Hurghada,HRG,"27.176776, 33.796692",1
HESH,large_airport,Sharm El Sheikh International Airport,AS,EG,EG-JS,Sharm El Sheikh,SSH,"27.977272, 34.394717",1
HKJK,large_airport,Jomo Kenyatta International Airport,AF,KE,KE-110,Nairobi,NBO,"-1.31923997402, 36.9277992249",1
HRYR,large_airport,Kigali International Airport,AF,RW,RW-01,Kigali,KGL,"-1.96863, 30.1395",1
HSSK,large_airport,Khartoum International Airport,AF,SD,SD-03,Khartoum,KRT,"15.5895, 32.5532",1
HTDA,large_airport,Julius Nyerere International Airport,AF,TZ,TZ-02,Dar es Salaam,DAR,"-6.87811, 39.202599",1
HUEN,large_airport,Entebbe International Airport,AF,UG,UG-C,Kampala,EBB,"0.042386, 32.443501",1
KABQ,large_airport,Albuquerque International Sunport,NA,US,US-NM,Albuquerque,ABQ,"35.039976, -106.608925",1
KATL,large_airport,Hartsfield Jackson Atlanta International Airport,NA,US,US-GA,Atlanta,ATL,"33.6367, -84.428101",1
KAUS,large_airport,Austin Bergstrom International Airport,NA,US,US-TX,Austin,AUS,"30.197535, -97.662015",1
KBDL,large_airport,Bradley International Airport,NA,US,US-CT,Hartford,BDL,"41.93851, -72.688066",1
KBNA,large_airport,Nashville International Airport,NA,US,US-TN,Nashville,BNA,"36.1245, -86.6782",1
KBOS,large_airport,Logan International Airport,NA,US,US-MA,Boston,BOS,"42.36197, -71.0079",1
KBUF,large_airport,Buffalo Niagara International Airport,NA,US,US-NY,Buffalo,BUF,"42.940498, -78.732201",1
KBWI,large_airport,Baltimore/Washington International Thurgood Marshall Airport,NA,US,US-MD,Baltimore,BWI,"39.1754, -76.668297",1
KCLE,large_airport,Cleveland Hopkins International Airport,NA,US,US-OH,Cleveland,CLE,"41.411701, -81.8498",1
KCLT,large_airport,Charlotte Douglas International Airport,NA,US,US-NC,Charlotte,CLT,"35.2140007019043, -80.94309997558594",1
KCMH,large_airport,John Glenn Columbus International Airport,NA,US,US-OH,Columbus,CMH,"39.998001, -82.891899",1
KCVG,large_airport,Cincinnati Northern Kentucky International Airport,NA,US,US-KY,Cincinnati / Covington,CVG,"39.048801, -84.667801",1
KDCA,large_airport,Ronald Reagan Washington National Airport,NA,US,US-DC,Washington,DCA,"38.8521, -77.037697",1
KDEN,large_airport,Denver International Airport,NA,US,US-CO,Denver,DEN,"39.861698150635, -104.672996521",1
KDFW,large_airport,Dallas Fort Worth International Airport,NA,US,US-TX,Dallas-Fort Worth,DFW,"32.896801, -97.038002",1
KDTW,large_airport,Detroit Metropolitan Wayne County Airport,NA,US,US-MI,Detroit,DTW,"42.21377, -83.353786",1
KEWR,large_airport,Newark Liberty International Airport,NA,US,US-NJ,Newark,EWR,"40.692501, -74.168701",1
KFLL,large_airport,Fort Lauderdale Hollywood International Airport,NA,US,US-FL,Fort Lauderdale,FLL,"26.072599, -80.152702",1
KIAD,large_airport,Washington Dulles International Airport,NA,US,US-VA,Dulles,IAD,"38.9445, -77.455803",1
KIAH,large_airport,George Bush Intercontinental Houston Airport,NA,US,US-TX,Houston,IAH,"29.984399795532227, -95.34140014648438",1
KIND,large_airport,Indianapolis International Airport,NA,US,US-IN,Indianapolis,IND,"39.7173, -86.294403",1
KJAX,large_airport,Jacksonville International Airport,NA,US,US-FL,Jacksonville,JAX,"30.492469, -81.687813",1
KJFK,large_airport,John F Kennedy International Airport,NA,US,US-NY,New York,JFK,"40.639447, -73.779317",1
KLAS,large_airport,Harry Reid International Airport,NA,US,US-NV,Las Vegas,LAS,"36.083361, -115.151817",1
KLAX,large_airport,Los Angeles International Airport,NA,US,US-CA,Los Angeles,LAX,"33.942501, -118.407997",1
KLGA,large_airport,LaGuardia Airport,NA,US,US-NY,New York,LGA,"40.777199, -73.872597",1
KMCI,large_airport,Kansas City International Airport,NA,US,US-MO,Kansas City,MCI,"39.2976, -94.713898",1
KMCO,large_airport,Orlando International Airport,NA,US,US-FL,Orlando,MCO,"28.429399490356445, -81.30899810791016",1
KMDW,large_airport,Chicago Midway International Airport,NA,US,US-IL,Chicago,MDW,"41.785999, -87.752403",1
KMEM,large_airport,Memphis International Airport,NA,US,US-TN,Memphis,MEM,"35.0424, -89.9767",1
KMIA,large_airport,Miami International Airport,NA,US,US-FL,Miami,MIA,"25.79319953918457, -80.29060363769531",1
KMKE,large_airport,General Mitchell International Airport,NA,US,US-WI,Milwaukee,MKE,"42.947201, -87.896599",1
KMSP,large_airport,Minneapolis–Saint Paul International Airport / Wold–Chamberlain Field,NA,US,US-MN,Minneapolis,MSP,"44.880081, -93.221741",1
KMSY,large_airport,Louis Armstrong New Orleans International Airport,NA,US,US-LA,New Orleans,MSY,"29.993401, -90.258003",1
KOAK,large_airport,San Francisco Bay Oakland International Airport,NA,US,US-CA,Oakland,OAK,"37.720085, -122.221184",1
KOKC,large_airport,Will Rogers World Airport,NA,US,US-OK,Oklahoma City,OKC,"35.393388, -97.598248",1
KOMA,large_airport,Eppley Airfield,NA,US,US-NE,Omaha,OMA,"41.3032, -95.894096",1
KONT,large_airport,Ontario International Airport,NA,US,US-CA,Ontario,ONT,"34.056, -117.600998",1
KORD,large_airport,Chicago O'Hare International Airport,NA,US,US-IL,Chicago,ORD,"41.9786, -87.9048",1
KORF,large_airport,Norfolk International Airport,NA,US,US-VA,Norfolk,ORF,"36.895341, -76.201",1
KPBI,large_airport,Palm Beach International Airport,NA,US,US-FL,West Palm Beach,PBI,"26.683201, -80.095596",1
KPDX,large_airport,Portland International Airport,NA,US,US-OR,Portland,PDX,"45.588699, -122.598",1
KPHL,large_airport,Philadelphia International Airport,NA,US,US-PA,Philadelphia,PHL,"39.871899, -75.241096",1
KPHX,large_airport,Phoenix Sky Harbor International Airport,NA,US,US-AZ,Phoenix,PHX,"33.435302, -112.005905",1
KPIT,large_airport,Pittsburgh International Airport,NA,US,US-PA,Pittsburgh,PIT,"40.491501, -80.232903",1
KPVD,large_airport,Theodore Francis Green State Airport,NA,US,US-RI,Warwick,PVD,"41.725038, -71.425668",1
KRDU,large_airport,Raleigh Durham International Airport,NA,US,US-NC,Raleigh/Durham,RDU,"35.877602, -78.787498",1
KRIC,large_airport,Richmond International Airport,NA,US,US-VA,Richmond,RIC,"37.505199, -77.319702",1
KRNO,large_airport,Reno Tahoe International Airport,NA,US,US-NV,Reno,RNO,"39.4991, -119.767998",1
KRSW,large_airport,Southwest Florida International Airport,NA,US,US-FL,Fort Myers,RSW,"26.53619956970215, -81.75520324707031",1
KSAN,large_airport,San Diego International Airport,NA,US,US-CA,San Diego,SAN,"32.7336006165, -117.190002441",1
KSAT,large_airport,San Antonio International Airport,NA,US,US-TX,San Antonio,SAT,"29.533701, -98.469803",1
KSDF,large_airport,Louisville Muhammad Ali International Airport,NA,US,US-KY,Louisville,SDF,"38.1744, -85.736",1
KSEA,large_airport,Seattle–Tacoma International Airport,NA,US,US-WA,Seattle,SEA,"47.447943, -122.310276",1
KSFB,large_airport,Orlando Sanford International Airport,NA,US,US-FL,Orlando,SFB,"28.777599334716797, -81.23750305175781",1
KSFO,large_airport,San Francisco International Airport,NA,US,US-CA,San Francisco,SFO,"37.619806, -122.374821",1
KSJC,large_airport,Norman Y. Mineta San Jose International Airport,NA,US,US-CA,San Jose,SJC,"37.362452, -121.929188",1
KSLC,large_airport,Salt Lake City International Airport,NA,US,US-UT,Salt Lake City,SLC,"40.78886, -111.979866",1
KSMF,large_airport,Sacramento International Airport,NA,US,US-CA,Sacramento,SMF,"38.6954, -121.591003",1
KSNA,large_airport,John Wayne Orange County International Airport,NA,US,US-CA,Santa Ana,SNA,"33.675701, -117.867996",1
KSTL,large_airport,St. Louis Lambert International Airport,NA,US,US-MO,St Louis,STL,"38.748697, -90.370003",1
KSYR,large_airport,Syracuse Hancock International Airport,NA,US,US-NY,Syracuse,SYR,"43.11119842529297, -76.1063003540039",1
KTPA,large_airport,Tampa International Airport,NA,US,US-FL,Tampa,TPA,"27.9755, -82.533203",1
KTUL,large_airport,Tulsa International Airport,NA,US,US-OK,Tulsa,TUL,"36.19839859008789, -95.88809967041016",1
LATI,large_airport,Tirana International Airport Mother Teresa,EU,AL,AL-02,Rinas,TIA,"41.4147, 19.7206",1
LBSF,large_airport,Sofia Airport,EU,BG,BG-22,Sofia,SOF,"42.696357, 23.417671",1
LCLK,large_airport,Larnaca International Airport,AS,CY,CY-04,Larnaca,LCA,"34.875099, 33.624901",1
LDZA,large_airport,Zagreb Franjo Tuđman International Airport,EU,HR,HR-01,Velika Gorica,ZAG,"45.742901, 16.0688",1
LEAL,large_airport,Alicante-Elche Miguel Hernández Airport,EU,ES,ES-VC,Alicante,ALC,"38.2822, -0.558156",1
LEBL,large_airport,Josep Tarradellas Barcelona-El Prat Airport,EU,ES,ES-CT,Barcelona,BCN,"41.2971, 2.07846",1
LEIB,large_airport,Ibiza Airport,EU,ES,ES-IB,Ibiza (Eivissa),IBZ,"38.872898, 1.37312",1
LEMD,large_airport,Adolfo Suárez Madrid–Barajas Airport,EU,ES,ES-MD,Madrid,MAD,"40.471926, -3.56264",1
LEMG,large_airport,Málaga-Costa del Sol Airport,EU,ES,ES-AN,Málaga,AGP,"36.6749, -4.49911",1
LEPA,large_airport,Palma de Mallorca Airport,EU,ES,ES-IB,Palma de Mallorca,PMI,"39.551701, 2.73881",1
LEST,large_airport,Santiago-Rosalía de Castro Airport,EU,ES,ES-GA,Santiago de Compostela,SCQ,"42.896301, -8.41514",1
LFBD,large_airport,Bordeaux-Mérignac Airport,EU,FR,FR-NAQ,Bordeaux/Mérignac,BOD,"44.8283, -0.715556",1
LFBO,large_airport,Toulouse-Blagnac Airport,EU,FR,FR-OCC,Toulouse/Blagnac,TLS,"43.629101, 1.36382",1
LFLL,large_airport,Lyon Saint-Exupéry Airport,EU,FR,FR-ARA,"Colombier-Saugnieu, Rhône",LYS,"45.725996, 5.090139",1
LFML,large_airport,Marseille Provence Airport,EU,FR,FR-PAC,"Marignane, Bouches-du-Rhône",MRS,"43.438088, 5.2125",1
LFMN,large_airport,Nice-Côte d'Azur Airport,EU,FR,FR-PAC,"Nice, Alpes-Maritimes",NCE,"43.658401, 7.21587",1
LFPG,large_airport,Charles de Gaulle International Airport,EU,FR,FR-IDF,"Paris (Roissy-en-France, Val-d'Oise)",CDG,"49.012798, 2.55",1
LFPO,large_airport,Paris-Orly Airport,EU,FR,FR-IDF,"Paris (Orly, Val-de-Marne)",ORY,"48.72333, 2.37944",1
LFSB,large_airport,EuroAirport Basel-Mulhouse-Freiburg,EU,FR,FR-GES,Saint-Louis,BSL,"47.60068, 7.521117",1
LGAV,large_airport,Athens Eleftherios Venizelos International Airport,EU,GR,GR-I,Spata-Artemida,ATH,"37.936401, 23.9445",1
LGIR,large_airport,Heraklion International Nikos Kazantzakis Airport,EU,GR,GR-M,Heraklion,HER,"35.339699, 25.1803",1
LGTS,large_airport,Thessaloniki Macedonia International Airport,EU,GR,GR-B,Thessaloniki,SKG,"40.51928, 22.970009",1
LHBP,large_airport,Budapest Liszt Ferenc International Airport,EU,HU,HU-BU,Budapest,BUD,"47.43018, 19.262393",1
LIBD,large_airport,Bari Karol Wojtyła International Airport,EU,IT,IT-75,Bari,BRI,"41.138901, 16.760599",1
LICC,large_airport,Catania-Fontanarossa Airport,EU,IT,IT-82,Catania,CTA,"37.466801, 15.0664",1
LICJ,large_airport,Falcone–Borsellino Airport,EU,IT,IT-82,Palermo,PMO,"38.175999, 13.091",1
LIEE,large_airport,Cagliari Elmas Airport,EU,IT,IT-88,Cagliari,CAG,"39.251499, 9.05428",1
LIMC,large_airport,Milan Malpensa International Airport,EU,IT,IT-25,Ferno (VA),MXP,"45.6306, 8.72811",1
LIME,large_airport,Milan Bergamo Airport / Antonio Locatelli Air Base,EU,IT,IT-25,Orio al Serio (BG),BGY,"45.670725, 9.709223",1
LIMF,large_airport,Turin Airport,EU,IT,IT-21,Caselle Torinese (TO),TRN,"45.200802, 7.64963",1
LIPE,large_airport,Bologna Guglielmo Marconi Airport,EU,IT,IT-45,Bologna,BLQ,"44.5354, 11.2887",1
LIPX,large_airport,Verona Villafranca Valerio Catullo Airport,EU,IT,IT-34,Caselle (VR),VRN,"45.394955, 10.887303",1
LIPZ,large_airport,Venice Marco Polo Airport,EU,IT,IT-34,Venezia (VE),VCE,"45.505299, 12.3519",1
LIRF,large_airport,Rome–Fiumicino Leonardo da Vinci International Airport,EU,IT,IT-62,Rome,FCO,"41.804532, 12.251998",1
LIRN,large_airport,Naples International Airport,EU,IT,IT-72,Napoli,NAP,"40.886002, 14.2908",1
LIRP,large_airport,Pisa International Airport,EU,IT,IT-52,Pisa (PI),PSA,"43.683899, 10.3927",1
LJLJ,large_airport,Ljubljana Jože Pučnik Airport,EU,SI,SI-012,Zgornji Brnik,LJU,"46.223701, 14.4576",1
LKPR,large_airport,Václav Havel Airport Prague,EU,CZ,CZ-PR,Prague,PRG,"50.100874, 14.259911",1
LLBG,large_airport,Ben Gurion International Airport,AS,IL,IL-M,Tel Aviv,TLV,"32.011398, 34.8867",1
LMML,large_airport,Malta International Airport,EU,MT,MT-25,Valletta,MLA,"35.857498, 14.4775",1
LOWW,large_airport,Vienna International Airport,EU,AT,AT-9,Vienna,VIE,"48.110298, 16.5697",1
LPFR,large_airport,Faro Airport,EU,PT,PT-08,Faro,FAO,"37.0144004822, -7.96590995789",1
LPMA,large_airport,Madeira International Airport Cristiano Ronaldo,EU,PT,PT-30,Funchal,FNC,"32.697899, -16.7745",1
LPPR,large_airport,Francisco de Sá Carneiro Airport,EU,PT,PT-13,Porto,OPO,"41.2481002808, -8.68138980865",1
LPPT,large_airport,Humberto Delgado Airport (Lisbon Portela Airport),EU,PT,PT-11,Lisbon,LIS,"38.7813, -9.13592",1
LROP,large_airport,Bucharest Henri Coandă International Airport,EU,RO,RO-IF,Otopeni,OTP,"44.572127, 26.103396",1
LSGG,large_airport,Geneva Cointrin International Airport,EU,CH,CH-GE,Geneva,GVA,"46.238098, 6.10895",1
LSZH,large_airport,Zürich Airport,EU,CH,CH-ZH,Zurich,ZRH,"47.458056, 8.548056",1
LTAC,large_airport,Esenboğa International Airport,AS,TR,TR-06,Ankara,ESB,"40.128101, 32.995098",1
LTAI,large_airport,Antalya International Airport,AS,TR,TR-07,Antalya,AYT,"36.898701, 30.800501",1
LTBJ,large_airport,Adnan Menderes International Airport,AS,TR,TR-35,Gaziemir,ADB,"38.2924, 27.157",1
LTBS,large_airport,Dalaman International Airport,AS,TR,TR-48,Dalaman,DLM,"36.7131004333, 28.7924995422",1
LTFE,large_airport,Milas Bodrum International Airport,AS,TR,TR-48,Bodrum,BJV,"37.250599, 27.664301",1
LTFJ,large_airport,Istanbul Sabiha Gökçen International Airport,AS,TR,TR-34,"Pendik, Istanbul",SAW,"40.898602, 29.3092",1
LTFM,large_airport,İstanbul Airport,EU,TR,TR-34,"Arnavutköy, Istanbul",IST,"41.261297, 28.741951",1
LYBE,large_airport,Belgrade Nikola Tesla Airport,EU,RS,RS-00,Belgrade,BEG,"44.818401, 20.309099",1
MBPV,large_airport,Providenciales International Airport,NA,TC,TC-PR,Providenciales,PLS,"21.773697, -72.268321",1
MDPC,large_airport,Punta Cana International Airport,NA,DO,DO-11,Punta Cana,PUJ,"18.5674, -68.363403",1
MDSD,large_airport,Las Américas International Airport,NA,DO,DO-01,Santo Domingo,SDQ,"18.42970085144, -69.668899536133",1
MGGT,large_airport,La Aurora Airport,NA,GT,GT-GU,Guatemala City,GUA,"14.5833, -90.527496",1
MKJP,large_airport,Norman Manley International Airport,NA,JM,JM-01,Kingston,KIN,"17.935699462890625, -76.7874984741211",1
MMGL,large_airport,Guadalajara International Airport,NA,MX,MX-JAL,Guadalajara,GDL,"20.523342, -103.310108",1
MMMX,large_airport,Benito Juárez International Airport,NA,MX,MX-DIF,Ciudad de México,MEX,"19.435137, -99.071328",1
MMMY,large_airport,Monterrey International Airport,NA,MX,MX-NLE,Monterrey,MTY,"25.778521, -100.106989",1
MMPR,large_airport,Puerto Vallarta International Airport,NA,MX,MX-JAL,Puerto Vallarta,PVR,"20.679913, -105.254391",1
MMSD,large_airport,Los Cabos International Airport,NA,MX,MX-BCS,San José del Cabo,SJD,"23.151919, -109.720731",1
MMTJ,large_airport,General Abelardo L. Rodriguez International Airport,NA,MX,MX-BCN,Tijuana,TIJ,"32.541043, -116.969976",1
MMUN,large_airport,Cancún International Airport,NA,MX,MX-ROO,Cancún,CUN,"21.039444, -86.874304",1
MPTO,large_airport,Tocumen International Airport,NA,PA,PA-8,Tocumen,PTY,"9.07136, -79.383499",1
MSLP,large_airport,Monseñor Óscar Arnulfo Romero International Airport,NA,SV,SV-PA,San Salvador (San Luis Talpa),SAL,"13.4409, -89.055702",1
MUHA,large_airport,José Martí International Airport,NA,CU,CU-03,Havana,HAV,"22.989200592041016, -82.40910339355469",1
MWCR,large_airport,Owen Roberts International Airport,NA,KY,KY-GC,George Town,GCM,"19.292801, -81.357697",1
MYNN,large_airport,Lynden Pindling International Airport,NA,BS,BS-NP,Nassau,NAS,"25.039, -77.466202",1
MZBZ,large_airport,Philip S. W. Goldson International Airport,NA,BZ,BZ-BZ,Belize City,BZE,"17.539951, -88.303556",1
NTAA,large_airport,Faa'a International Airport,OC,PF,PF-U-A,Papeete,PPT,"-17.553699, -149.606995",1
NVVV,large_airport,Bauerfield International Airport,OC,VU,VU-SEE,Port Vila,VLI,"-17.699301, 168.320007",1
NZAA,large_airport,Auckland International Airport,OC,NZ,NZ-AUK,Auckland,AKL,"-37.01199, 174.786331",1
NZCH,large_airport,Christchurch International Airport,OC,NZ,NZ-CAN,Christchurch,CHC,"-43.48939895629883, 172.53199768066406",1
NZWN,large_airport,Wellington International Airport,OC,NZ,NZ-WGN,Wellington,WLG,"-41.3272018433, 174.804992676",1
OBBI,large_airport,Bahrain International Airport,AS,BH,BH-15,Manama,BAH,"26.267295, 50.63764",1
OEDF,large_airport,King Fahd International Airport,AS,SA,SA-04,Ad Dammam,DMM,"26.471201, 49.797901",1
OEJN,large_airport,King Abdulaziz International Airport,AS,SA,SA-02,Jeddah,JED,"21.6796, 39.156502",1
OEMA,large_airport,Prince Mohammad Bin Abdulaziz Airport,AS,SA,SA-03,Medina,MED,"24.5534, 39.705101",1
OERK,large_airport,King Khaled International Airport,AS,SA,SA-01,Riyadh,RUH,"24.9576, 46.698799",1
OIIE,large_airport,Imam Khomeini International Airport,AS,IR,IR-23,Tehran,IKA,"35.416099548339844, 51.152198791503906",1
OIII,large_airport,Mehrabad International Airport,AS,IR,IR-23,Tehran,THR,"35.68920135498047, 51.31340026855469",1
OIMM,large_airport,Mashhad International Airport,AS,IR,IR-09,Mashhad,MHD,"36.235198974609375, 59.64099884033203",1
OISS,large_airport,Shiraz Shahid Dastghaib International Airport,AS,IR,IR-07,Shiraz,SYZ,"29.5392, 52.589802",1
OJAI,large_airport,Queen Alia International Airport,AS,JO,JO-AM,Amman,AMM,"31.7226009369, 35.9931983948",1
OKBK,large_airport,Kuwait International Airport,AS,KW,KW-FA,Kuwait City,KWI,"29.226601, 47.968899",1
OLBA,large_airport,Beirut Rafic Hariri International Airport,AS,LB,LB-JL,Beirut,BEY,"33.820899963378906, 35.488399505615234",1
OMAA,large_airport,Zayed International Airport,AS,AE,AE-AZ,Abu Dhabi,AUH,"24.443764, 54.651718",1
OMDB,large_airport,Dubai International Airport,AS,AE,AE-DU,Dubai,DXB,"25.2527999878, 55.3643989563",1
OMDW,large_airport,Al Maktoum International Airport,AS,AE,AE-DU,Jebel Ali,DWC,"24.896356, 55.161389",1
OMSJ,large_airport,Sharjah International Airport,AS,AE,AE-SH,Sharjah,SHJ,"25.3286, 55.5172",1
OOMS,large_airport,Muscat International Airport,AS,OM,OM-MA,Muscat,MCT,"23.5933, 58.284401",1
OPIS,large_airport,Islamabad International Airport,AS,PK,PK-PB,Attock,ISB,"33.549, 72.82566",1
OPKC,large_airport,Jinnah International Airport,AS,PK,PK-SD,Karachi,KHI,"24.9065, 67.160797",1
OPLA,large_airport,Allama Iqbal International Airport,AS,PK,PK-PB,Lahore,LHE,"31.521601, 74.403603",1
OTHH,large_airport,Hamad International Airport,AS,QA,QA-DA,Doha,DOH,"25.273056, 51.608056",1
PANC,large_airport,Ted Stevens Anchorage International Airport,NA,US,US-AK,Anchorage,ANC,"61.179004, -149.992561",1
PGUM,large_airport,Antonio B. Won Pat International Airport,OC,GU,GU-U-A,Hagåtña,GUM,"13.4834, 144.796005",1
PHNL,large_airport,Daniel K Inouye International Airport,NA,US,US-HI,"Honolulu, Oahu",HNL,"21.32062, -157.924228",1
PHOG,large_airport,Kahului International Airport,NA,US,US-HI,Kahului,OGG,"20.896263, -156.431837",1
RCKH,large_airport,Kaohsiung International Airport,AS,TW,TW-KHH,Kaohsiung (Xiaogang),KHH,"22.577101, 120.349998",1
RCTP,large_airport,Taiwan Taoyuan International Airport,AS,TW,TW-TAO,Taoyuan,TPE,"25.0777, 121.233002",1
RJAA,large_airport,Narita International Airport,AS,JP,JP-12,Narita,NRT,"35.764702, 140.386002",1
RJBB,large_airport,Kansai International Airport,AS,JP,JP-27,Osaka,KIX,"34.427299, 135.244003",1
RJCC,large_airport,New Chitose Airport,AS,JP,JP-01,Sapporo,CTS,"42.7752, 141.692001",1
RJFF,large_airport,Fukuoka Airport,AS,JP,JP-40,Fukuoka,FUK,"33.585899353027344, 130.4510040283203",1
RJGG,large_airport,Chubu Centrair International Airport,AS,JP,JP-23,Tokoname,NGO,"34.858398, 136.804993",1
RJOO,large_airport,Osaka International Airport,AS,JP,JP-27,Osaka,ITM,"34.7855, 135.438004",1
RJSS,large_airport,Sendai Airport,AS,JP,JP-04,Natori,SDJ,"38.139702, 140.917007",1
RJTT,large_airport,Tokyo Haneda International Airport,AS,JP,JP-13,Tokyo,HND,"35.552299, 139.779999",1
RKPC,large_airport,Jeju International Airport,AS,KR,KR-49,Jeju City,CJU,"33.512058, 126.492548",1
RKPK,large_airport,Gimhae International Airport,AS,KR,KR-26,Busan,PUS,"35.179501, 128.938004",1
RKSI,large_airport,Incheon International Airport,AS,KR,KR-28,Seoul,ICN,"37.469101, 126.450996",1
RKSS,large_airport,Gimpo International Airport,AS,KR,KR-11,Seoul,GMP,"37.5583, 126.791",1
ROAH,large_airport,Naha Airport / JASDF Naha Air Base,AS,JP,JP-47,Naha,OKA,"26.195801, 127.646004",1
RPLL,large_airport,Ninoy Aquino International Airport,AS,PH,PH-00,Manila (Pasay),MNL,"14.5086, 121.019997",1
RPVM,large_airport,Mactan Cebu International Airport,AS,PH,PH-CEB,Lapu-Lapu City,CEB,"10.309261, 123.97974",1
SABE,large_airport,Jorge Newbery Airpark,SA,AR,AR-C,Buenos Aires,AEP,"-34.5592, -58.4156",1
SAEZ,large_airport,Minister Pistarini International Airport,SA,AR,AR-B,Buenos Aires (Ezeiza),EZE,"-34.8222, -58.5358",1
SBBE,large_airport,Val de Cans/Júlio Cezar Ribeiro International Airport,SA,BR,BR-PA,Belém,BEL,"-1.379279, -48.476207",1
SBBR,large_airport,Presidente Juscelino Kubitschek International Airport,SA,BR,BR-DF,Brasília,BSB,"-15.869167, -47.920834",1
SBCF,large_airport,Tancredo Neves International Airport,SA,BR,BR-MG,Belo Horizonte,CNF,"-19.63571, -43.966928",1
SBEG,large_airport,Eduardo Gomes International Airport,SA,BR,BR-AM,Manaus,MAO,"-3.03861, -60.049702",1
SBFZ,large_airport,Pinto Martins International Airport,SA,BR,BR-CE,Fortaleza,FOR,"-3.775833, -38.532222",1
SBGL,large_airport,Rio Galeão – Tom Jobim International Airport,SA,BR,BR-RJ,Rio De Janeiro,GIG,"-22.809999, -43.250557",1
SBGR,large_airport,Guarulhos - Governador André Franco Montoro International Airport,SA,BR,BR-SP,São Paulo,GRU,"-23.431944, -46.467778",1
SBSV,large_airport,Deputado Luiz Eduardo Magalhães International Airport,SA,BR,BR-BA,Salvador,SSA,"-12.908611, -38.322498",1
SCEL,large_airport,Comodoro Arturo Merino Benítez International Airport,SA,CL,CL-RM,Santiago,SCL,"-33.393001556396484, -70.78579711914062",1
SEGU,large_airport,José Joaquín de Olmedo International Airport,SA,EC,EC-G,Guayaquil,GYE,"-2.15742, -79.883598",1
SEQM,large_airport,Mariscal Sucre International Airport,SA,EC,EC-P,Quito,UIO,"-0.125399, -78.354306",1
SKBO,large_airport,El Dorado International Airport,SA,CO,CO-DC,Bogota,BOG,"4.70159, -74.1469",1
SPIM,large_airport,Jorge Chávez International Airport,SA,PE,PE-LIM,Lima,LIM,"-12.0219, -77.114305",1
SVMI,large_airport,Simón Bolívar International Airport,SA,VE,VE-X,Caracas,CCS,"10.601194, -66.991222",1
TAO,large_airport,Qingdao Jiaodong International Airport,AS,CN,CN-37,Qingdao (Jiaozhou),TAO,"36.361953, 120.088171",1
TFFR,large_airport,Pointe-à-Pitre Le Raizet International  Airport,NA,GP,GP-U-A,Pointe-à-Pitre,PTP,"16.265301, -61.531799",1
TJSJ,large_airport,Luis Munoz Marin International Airport,NA,PR,PR-U-A,San Juan,SJU,"18.4394, -66.001801",1
TNCA,large_airport,Queen Beatrix International Airport,NA,AW,AW-U-A,Oranjestad,AUA,"12.5014, -70.015198",1
TNCC,large_airport,Hato International Airport,NA,CW,CW-U-A,Willemstad,CUR,"12.1889, -68.959801",1
TNCM,large_airport,Princess Juliana International Airport,NA,SX,SX-U-A,Saint Martin,SXM,"18.041, -63.108898",1
UAAA,large_airport,Almaty International Airport,AS,KZ,KZ-ALA,Almaty,ALA,"43.354267, 77.042828",1
UAFM,large_airport,Manas International Airport,AS,KG,KG-C,Bishkek,FRU,"43.0612983704, 74.4776000977",1
UBBB,large_airport,Heydar Aliyev International Airport,AS,AZ,AZ-BA,Baku,GYD,"40.467498779296875, 50.04669952392578",1
UDYZ,large_airport,Zvartnots International Airport,AS,AM,AM-ER,Yerevan,EVN,"40.1473007202, 44.3959007263",1
UGTB,large_airport,Tbilisi International Airport,AS,GE,GE-TB,Tbilisi,TBS,"41.669201, 44.9547",1
UHWW,large_airport,Vladivostok International Airport,EU,RU,RU-PRI,Artyom,VVO,"43.396256, 132.148155",1
UKBB,large_airport,Boryspil International Airport,EU,UA,UA-32,Boryspil,KBP,"50.345001, 30.894699",1
ULLI,large_airport,Pulkovo Airport,EU,RU,RU-SPE,St. Petersburg,LED,"59.800301, 30.262501",1
UMMS,large_airport,Minsk National Airport,EU,BY,BY-MI,Minsk,MSQ,"53.888071, 28.039964",1
UNKL,large_airport,Krasnoyarsk International Airport,EU,RU,RU-KYA,Krasnoyarsk,KJA,"56.173077, 92.492437",1
UNNT,large_airport,Novosibirsk Tolmachevo Airport,EU,RU,RU-NVS,Novosibirsk,OVB,"55.019756, 82.618675",1
URRP,large_airport,Platov International Airport,EU,RU,RU-ROS,Rostov-on-Don,ROV,"47.493888, 39.924722",1
URSS,large_airport,Sochi International Airport,EU,RU,RU-KDA,Sochi,AER,"43.449902, 39.9566",1
USSS,large_airport,Koltsovo Airport,AS,RU,RU-SVE,Yekaterinburg,SVX,"56.743099212646, 60.802700042725",1
UTTT,large_airport,Tashkent International Airport,AS,UZ,UZ-TO,Tashkent,TAS,"41.257900238, 69.2811965942",1
UUDD,large_airport,Domodedovo International Airport,EU,RU,RU-MOS,Moscow,DME,"55.408798, 37.9063",1
UUEE,large_airport,Sheremetyevo International Airport,EU,RU,RU-MOS,Moscow,SVO,"55.972599, 37.4146",1
UUWW,large_airport,Vnukovo International Airport,EU,RU,RU-MOW,Moscow,VKO,"55.591499, 37.261501",1
UWKD,large_airport,Kazan International Airport,EU,RU,RU-TA,Kazan,KZN,"55.606201171875, 49.278701782227",1
UWWW,large_airport,Kurumoch International Airport,EU,RU,RU-SAM,Samara,KUF,"53.504902, 50.164299",1
VABB,large_airport,Chhatrapati Shivaji International Airport,AS,IN,IN-MM,Mumbai,BOM,"19.0886993408, 72.8678970337",1
VAGO,large_airport,Dabolim Airport,AS,IN,IN-GA,Vasco da Gama,GOI,"15.3808, 73.831398",1
VCBI,large_airport,Bandaranaike International Colombo Airport,AS,LK,LK-1,Colombo,CMB,"7.180759906768799, 79.88410186767578",1
VDPP,large_airport,Phnom Penh International Airport,AS,KH,KH-12,Phnom Penh (Pou Senchey),PNH,"11.5466, 104.844002",1
VECC,large_airport,Netaji Subhash Chandra Bose International Airport,AS,IN,IN-WB,Kolkata,CCU,"22.654699, 88.446701",1
VGZR,large_airport,Hazrat Shahjalal International Airport,AS,BD,BD-3,Dhaka,DAC,"23.843347, 90.397783",1
VHHH,large_airport,Hong Kong International Airport,AS,HK,HK-NT,Hong Kong,HKG,"22.308901, 113.915001",1
VIDP,large_airport,Indira Gandhi International Airport,AS,IN,IN-DL,New Delhi,DEL,"28.55563, 77.09519",1
VMMC,large_airport,Macau International Airport,AS,MO,MO-CAR,Nossa Senhora do Carmo,MFM,"22.149599, 113.592003",1
VNKT,large_airport,Tribhuvan International Airport,AS,NP,NP-P3,Kathmandu,KTM,"27.6966, 85.3591",1
VOBL,large_airport,Kempegowda International Airport,AS,IN,IN-KA,Bangalore,BLR,"13.1979, 77.706299",1
VOCI,large_airport,Cochin International Airport,AS,IN,IN-KL,Kochi,COK,"10.152, 76.401901",1
VOHS,large_airport,Rajiv Gandhi International Airport,AS,IN,IN-TG,Hyderabad,HYD,"17.231318, 78.429855",1
VOMM,large_airport,Chennai International Airport,AS,IN,IN-TN,Chennai,MAA,"12.990005, 80.169296",1
VOTV,large_airport,Thiruvananthapuram International Airport,AS,IN,IN-KL,Thiruvananthapuram,TRV,"8.48212, 76.920097",1
VRMM,large_airport,Malé International Airport,AS,MV,MV-MLE,Malé,MLE,"4.191830158233643, 73.52909851074219",1
VTBD,large_airport,Don Mueang International Airport,AS,TH,TH-10,Bangkok,DMK,"13.9125995636, 100.607002258",1
VTBS,large_airport,Suvarnabhumi Airport,AS,TH,TH-10,Bangkok,BKK,"13.681099891662598, 100.74700164794922",1
VTCC,large_airport,Chiang Mai International Airport,AS,TH,TH-50,Chiang Mai,CNX,"18.766799926799997, 98.962600708",1
VTSP,large_airport,Phuket International Airport,AS,TH,TH-83,Phuket,HKT,"8.1132, 98.316902",1
VVNB,large_airport,Noi Bai International Airport,AS,VN,VN-RRD,Hanoi (Soc Son),HAN,"21.221201, 105.806999",1
VVTS,large_airport,Tan Son Nhat International Airport,AS,VN,VN-SE,Ho Chi Minh City,SGN,"10.8188, 106.652",1
VYYY,large_airport,Yangon International Airport,AS,MM,MM-06,Yangon,RGN,"16.907300949099998, 96.1332015991",1
WAAA,large_airport,Hasanuddin International Airport,AS,ID,ID-SN,Ujung Pandang,UPG,"-5.06163, 119.554001",1
WADD,large_airport,Ngurah Rai (Bali) International Airport,AS,ID,ID-BA,Denpasar (Bali),DPS,"-8.74817, 115.167",1
WALL,large_airport,Sultan Aji Muhammad Sulaiman Sepinggan International Airport,AS,ID,ID-KI,Balikpapan,BPN,"-1.268342, 116.89452",1
WARR,large_airport,Juanda International Airport,AS,ID,ID-JI,Surabaya,SUB,"-7.37983, 112.787003",1
WIII,large_airport,Soekarno-Hatta International Airport,AS,ID,ID-BT,Jakarta,CGK,"-6.1255698204, 106.65599823",1
WMKK,large_airport,Kuala Lumpur International Airport,AS,MY,MY-10,Sepang,KUL,"2.74558, 101.709999",1
WSSS,large_airport,Singapore Changi Airport,AS,SG,SG-04,Singapore,SIN,"1.35019, 103.994003",1
YBBN,large_airport,Brisbane International Airport,OC,AU,AU-QLD,Brisbane,BNE,"-27.384199142456055, 153.11700439453125",1
YMML,large_airport,Melbourne International Airport,OC,AU,AU-VIC,Melbourne,MEL,"-37.673302, 144.843002",1
YNT,large_airport,Yantai Penglai International Airport,AS,CN,CN-37,Yantai,YNT,"37.659724, 120.978124",1
YPAD,large_airport,Adelaide International Airport,OC,AU,AU-SA,Adelaide,ADL,"-34.947512, 138.533393",1
YPDN,large_airport,Darwin International Airport / RAAF Darwin,OC,AU,AU-NT,Darwin,DRW,"-12.41497, 130.88185",1
YPPH,large_airport,Perth International Airport,OC,AU,AU-WA,Perth,PER,"-31.94029998779297, 115.96700286865234",1
YSSY,large_airport,Sydney Kingsford Smith International Airport,OC,AU,AU-NSW,Sydney,SYD,"-33.94609832763672, 151.177001953125",1
ZBAA,large_airport,Beijing Capital International Airport,AS,CN,CN-11,Beijing,PEK,"40.080101013183594, 116.58499908447266",1
ZBHH,large_airport,Hohhot Baita International Airport,AS,CN,CN-15,Hohhot,HET,"40.849658, 111.824598",1
ZBTJ,large_airport,Tianjin Binhai International Airport,AS,CN,CN-12,Tianjin,TSN,"39.124401092499994, 117.346000671",1
ZBYN,large_airport,Taiyuan Wusu Airport,AS,CN,CN-14,Taiyuan,TYN,"37.746899, 112.627998",1
ZGGG,large_airport,Guangzhou Baiyun International Airport,AS,CN,CN-44,Guangzhou (Huadu),CAN,"23.392401, 113.299004",1
ZGHA,large_airport,Changsha Huanghua International Airport,AS,CN,CN-43,Changsha (Changsha),CSX,"28.189199, 113.220001",1
ZGKL,large_airport,Guilin Liangjiang International Airport,AS,CN,CN-45,Guilin (Lingui),KWL,"25.219828, 110.039553",1
ZGNN,large_airport,Nanning Wuxu Airport,AS,CN,CN-45,Nanning (Jiangnan),NNG,"22.608299, 108.171997",1
ZGSZ,large_airport,Shenzhen Bao'an International Airport,AS,CN,CN-44,Shenzhen (Bao'an),SZX,"22.639299, 113.810997",1
ZHCC,large_airport,Zhengzhou Xinzheng International Airport,AS,CN,CN-41,Zhengzhou,CGO,"34.526497, 113.849165",1
ZHHH,large_airport,Wuhan Tianhe International Airport,AS,CN,CN-42,Wuhan (Huangpi),WUH,"30.774798, 114.213723",1
ZJHK,large_airport,Haikou Meilan International Airport,AS,CN,CN-46,Haikou (Meilan),HAK,"19.9349, 110.459",1
ZJSY,large_airport,Sanya Phoenix International Airport,AS,CN,CN-46,Sanya (Tianya),SYX,"18.3029, 109.412003",1
ZLLL,large_airport,Lanzhou Zhongchuan International Airport,AS,CN,CN-62,Lanzhou (Yongdeng),LHW,"36.515202, 103.620003",1
ZLXY,large_airport,Xi'an Xianyang International Airport,AS,CN,CN-61,Xianyang (Weicheng),XIY,"34.447102, 108.751999",1
ZPPP,large_airport,Kunming Changshui International Airport,AS,CN,CN-53,Kunming,KMG,"25.110313, 102.936743",1
ZSAM,large_airport,Xiamen Gaoqi International Airport,AS,CN,CN-35,Xiamen,XMN,"24.54400062561035, 118.12799835205078",1
ZSCN,large_airport,Nanchang Changbei International Airport,AS,CN,CN-36,Nanchang,KHN,"28.864815, 115.90271",1
ZSFZ,large_airport,Fuzhou Changle International Airport,AS,CN,CN-35,Fuzhou,FOC,"25.934669, 119.66318",1
ZSHC,large_airport,Hangzhou Xiaoshan International Airport,AS,CN,CN-33,Hangzhou,HGH,"30.23609, 120.428865",1
ZSJN,large_airport,Jinan Yaoqiang International Airport,AS,CN,CN-37,Jinan (Licheng),TNA,"36.857201, 117.216003",1
ZSNB,large_airport,Ningbo Lishe International Airport,AS,CN,CN-33,Ningbo,NGB,"29.82670021057129, 121.46199798583984",1
ZSNJ,large_airport,Nanjing Lukou International Airport,AS,CN,CN-32,Nanjing,NKG,"31.735032, 118.865949",1
ZSPD,large_airport,Shanghai Pudong International Airport,AS,CN,CN-31,Shanghai (Pudong),PVG,"31.1434, 121.805",1
ZSSS,large_airport,Shanghai Hongqiao International Airport,AS,CN,CN-31,Shanghai (Minhang),SHA,"31.198104, 121.33426",1
ZSWZ,large_airport,Wenzhou Longwan International Airport,AS,CN,CN-33,Wenzhou,WNZ,"27.912201, 120.851997",1
ZUCK,large_airport,Chongqing Jiangbei International Airport,AS,CN,CN-50,Chongqing,CKG,"29.712254, 106.651895",1
ZUGY,large_airport,Guiyang Longdongbao International Airport,AS,CN,CN-52,Guiyang (Nanming),KWE,"26.541466, 106.803331",1
ZUUU,large_airport,Chengdu Shuangliu International Airport,AS,CN,CN-51,Chengdu (Shuangliu),CTU,"30.558257, 103.945966",1
ZWWW,large_airport,Ürümqi Diwopu International Airport,AS,CN,CN-65,Ürümqi,URC,"43.907100677490234, 87.47419738769531",1
ZYCC,large_airport,Changchun Longjia International Airport,AS,CN,CN-22,Changchun,CGQ,"43.996201, 125.684998",1
ZYHB,large_airport,Harbin Taiping International Airport,AS,CN,CN-23,Harbin,HRB,"45.623402, 126.25",1
ZYTL,large_airport,Dalian Zhoushuizi International Airport,AS,CN,CN-21,Dalian (Ganjingzi),DLC,"38.965719, 121.538477",1
ZYTX,large_airport,Shenyang Taoxian International Airport,AS,CN,CN-21,"Hunnan, Shenyang",SHE,"41.639801, 123.483002",1
CN-0188,medium_airport,Beijing Nanjiao Airport,AS,CN,CN-11,Beijing,NAY,"39.48595, 116.37236",0.5
CYZF,medium_airport,Yellowknife International Airport,NA,CA,CA-NT,Yellowknife,YZF,"62.462799, -114.440002",0.5
DAOO,medium_airport,Oran Es-Sénia (Ahmed Ben Bella) International Airport,AF,DZ,DZ-31,Es-Sénia,ORN,"35.623901, -0.621183",0.5
DBBB,medium_airport,Cadjehoun Airport,AF,BJ,BJ-AQ,Cotonou,COO,"6.357230186462402, 2.384350061416626",0.5
DFFD,medium_airport,Ouagadougou Airport,AF,BF,BF-KAD,Ouagadougou,OUA,"12.3532, -1.51242",0.5
DIAP,medium_airport,Félix-Houphouët-Boigny International Airport,AF,CI,CI-AB,Abidjan,ABJ,"5.26139, -3.92629",0.5
DTNH,medium_airport,Enfidha - Hammamet International Airport,AF,TN,TN-51,Enfidha,NBE,"36.075833, 10.438611",0.5
DTTJ,medium_airport,Djerba Zarzis International Airport,AF,TN,TN-82,Mellita,DJE,"33.875, 10.7755",0.5
EBCI,medium_airport,Brussels South Charleroi Airport,EU,BE,BE-WHT,Charleroi,CRL,"50.460982, 4.457158",0.5
EDDW,medium_airport,Bremen Airport,EU,DE,DE-HB,Bremen,BRE,"53.046786, 8.78932",0.5
EDFH,medium_airport,Frankfurt-Hahn Airport,EU,DE,DE-RP,Frankfurt am Main (Lautzenhausen),HHN,"49.9487, 7.26389",0.5
EDLV,medium_airport,Weeze Airport,EU,DE,DE-NW,Weeze,NRN,"51.6024017334, 6.14216995239",0.5
EDLW,medium_airport,Dortmund Airport,EU,DE,DE-NW,Dortmund,DTM,"51.518299, 7.61224",0.5
EGFF,medium_airport,Cardiff International Airport,EU,GB,GB-WLS,"Rhoose, Vale of Glamorgan",CWL,"51.396702, -3.34333",0.5
EGGD,medium_airport,Bristol Airport,EU,GB,GB-ENG,Bristol,BRS,"51.382702, -2.71909",0.5
EGGP,medium_airport,Liverpool John Lennon Airport,EU,GB,GB-ENG,Liverpool,LPL,"53.333599, -2.84972",0.5
EGHI,medium_airport,Southampton Airport,EU,GB,GB-ENG,Southampton,SOU,"50.950298, -1.3568",0.5
EGJJ,medium_airport,Jersey Airport,EU,JE,JE-U-A,Saint Helier,JER,"49.20790100097656, -2.195509910583496",0.5
EGLC,medium_airport,London City Airport,EU,GB,GB-ENG,London,LCY,"51.505299, 0.055278",0.5
EGNM,medium_airport,Leeds Bradford Airport,EU,GB,GB-ENG,"Leeds, West Yorkshire",LBA,"53.865898, -1.66057",0.5
EGNT,medium_airport,Newcastle International Airport,EU,GB,GB-ENG,"Newcastle upon Tyne, Tyne and Wear",NCL,"55.037958, -1.689577",0.5
EGNX,medium_airport,East Midlands Airport,EU,GB,GB-ENG,Nottingham,EMA,"52.8311, -1.32806",0.5
EGPD,medium_airport,Aberdeen Dyce Airport,EU,GB,GB-SCT,Aberdeen,ABZ,"57.2019, -2.19778",0.5
EHRD,medium_airport,Rotterdam The Hague Airport,EU,NL,NL-ZH,Rotterdam,RTM,"51.956902, 4.43722",0.5
EICK,medium_airport,Cork Airport,EU,IE,IE-C,Cork,ORK,"51.841301, -8.49111",0.5
ENRY,medium_airport,"Moss Airport, Rygge",EU,NO,NO-31,Oslo,RYG,"59.378817, 10.785439",0.5
ENTO,medium_airport,"Sandefjord Airport, Torp",EU,NO,NO-39,Torp,TRF,"59.186699, 10.2586",0.5
EPKT,medium_airport,Katowice Wojciech Korfanty International Airport,EU,PL,PL-SL,Ożarowice,KTW,"50.476015, 19.080705",0.5
EPMO,medium_airport,Modlin Airport,EU,PL,PL-MZ,Nowy Dwór Mazowiecki,WMI,"52.451099, 20.6518",0.5
EPWR,medium_airport,Copernicus Wrocław Airport,EU,PL,PL-DS,Wrocław,WRO,"51.103719, 16.882096",0.5
ESKN,medium_airport,Stockholm Skavsta Airport,EU,SE,SE-D,Nyköping,NYO,"58.788601, 16.912201",0.5
ESSB,medium_airport,Stockholm-Bromma Airport,EU,SE,SE-AB,Stockholm,BMA,"59.354400634765625, 17.941699981689453",0.5
FCBB,medium_airport,Maya-Maya Airport,AF,CG,CG-12,Brazzaville,BZV,"-4.251699924468994, 15.253000259399414",0.5
FKKD,medium_airport,Douala International Airport,AF,CM,CM-LT,Douala,DLA,"4.0060801506, 9.719479560849999",0.5
GCXO,medium_airport,Tenerife Norte-Ciudad de La Laguna Airport,AF,ES,ES-CN,Tenerife,TFN,"28.4827, -16.341499",0.5
GMAD,medium_airport,Al Massira Airport,AF,MA,MA-AGD,Agadir (Temsia),AGA,"30.322478, -9.412003",0.5
GMMX,medium_airport,Menara Airport,AF,MA,MA-MAR,Marrakech,RAK,"31.606899261499997, -8.03629970551",0.5
GOOY,medium_airport,Léopold Sédar Senghor International Airport,AF,SN,SN-DK,Dakar,DKR,"14.7397, -17.4902",0.5
HEBA,medium_airport,Borj El Arab International Airport,AF,EG,EG-ALX,Alexandria,HBE,"30.93249, 29.696437",0.5
HLLB,medium_airport,Benina International Airport,AF,LY,LY-BA,Benina,BEN,"32.096802, 20.269501",0.5
KALB,medium_airport,Albany International Airport,NA,US,US-NY,Albany,ALB,"42.74829864501953, -73.80169677734375",0.5
KBHM,medium_airport,Birmingham-Shuttlesworth International Airport,NA,US,US-AL,Birmingham,BHM,"33.562901, -86.753502",0.5
KCHS,medium_airport,Charleston International Airport,NA,US,US-SC,Charleston,CHS,"32.898602, -80.040497",0.5
KDAL,medium_airport,Dallas Love Field,NA,US,US-TX,Dallas,DAL,"32.847099, -96.851799",0.5
KDAY,medium_airport,James M Cox Dayton International Airport,NA,US,US-OH,Dayton,DAY,"39.902401, -84.219398",0.5
KDSM,medium_airport,Des Moines International Airport,NA,US,US-IA,Des Moines,DSM,"41.534, -93.663101",0.5
KGRR,medium_airport,Gerald R. Ford International Airport,NA,US,US-MI,Grand Rapids,GRR,"42.88079834, -85.52279663",0.5
KGSO,medium_airport,Piedmont Triad International Airport,NA,US,US-NC,Greensboro,GSO,"36.097801, -79.937302",0.5
KGSP,medium_airport,Greenville Spartanburg International Airport,NA,US,US-SC,Greer,GSP,"34.895699, -82.218903",0.5
KHOU,medium_airport,William P Hobby Airport,NA,US,US-TX,Houston,HOU,"29.645399, -95.2789",0.5
KIWA,medium_airport,Phoenix–Mesa Gateway Airport,NA,US,US-AZ,Mesa,AZA,"33.3078, -111.654999",0.5
KLIT,medium_airport,Bill & Hillary Clinton National Airport/Adams Field,NA,US,US-AR,Little Rock,LIT,"34.729582, -92.223728",0.5
KMYR,medium_airport,Myrtle Beach International Airport,NA,US,US-SC,Myrtle Beach,MYR,"33.679699, -78.928299",0.5
KPIE,medium_airport,St. Petersburg Clearwater International Airport,NA,US,US-FL,Pinellas Park,PIE,"27.9102, -82.687401",0.5
KPSP,medium_airport,Palm Springs International Airport,NA,US,US-CA,Palm Springs,PSP,"33.8297, -116.507004",0.5
KROC,medium_airport,Frederick Douglass Greater Rochester International Airport,NA,US,US-NY,Rochester,ROC,"43.1189, -77.672401",0.5
KTUS,medium_airport,Tucson International Airport / Morris Air National Guard Base,NA,US,US-AZ,Tucson,TUS,"32.115004, -110.938053",0.5
KTYS,medium_airport,McGhee Tyson Airport,NA,US,US-TN,Alcoa,TYS,"35.811001, -83.994003",0.5
LCPH,medium_airport,Paphos International Airport,AS,CY,CY-06,Paphos,PFO,"34.717999, 32.485699",0.5
LDDU,medium_airport,Dubrovnik Ruđer Bošković Airport,EU,HR,HR-19,Čilipi,DBV,"42.562247, 18.265543",0.5
LDSP,medium_airport,Split Airport,EU,HR,HR-17,Kaštel Štafilić,SPU,"43.538898, 16.298",0.5
LDZD,medium_airport,Zadar Airport,EU,HR,HR-13,Zemunik Donji (Zadar),ZAD,"44.094988, 15.354879",0.5
LEBB,medium_airport,Bilbao Airport,EU,ES,ES-PV,Bilbao,BIO,"43.301102, -2.91061",0.5
LEGE,medium_airport,Girona-Costa Brava Airport,EU,ES,ES-CT,Girona,GRO,"41.904639, 2.761774",0.5
LEMH,medium_airport,Menorca Airport,EU,ES,ES-IB,Mahón (Maó),MAH,"39.862598, 4.21865",0.5
LEVC,medium_airport,Valencia Airport,EU,ES,ES-VC,Valencia,VLC,"39.4893, -0.481625",0.5
LEZL,medium_airport,Sevilla Airport,EU,ES,ES-AN,Sevilla,SVQ,"37.417999, -5.89311",0.5
LFKB,medium_airport,Bastia-Poretta Airport,EU,FR,FR-COR,Bastia/Poretta,BIA,"42.55270004272461, 9.48373031616211",0.5
LFKJ,medium_airport,Ajaccio-Napoléon Bonaparte Airport,EU,FR,FR-COR,Ajaccio/Napoléon Bonaparte,AJA,"41.92359924316406, 8.8029203414917",0.5
LFOB,medium_airport,Paris-Beauvais Airport,EU,FR,FR-HDF,Tillé,BVA,"49.454399, 2.11278",0.5
LFQQ,medium_airport,Lille Airport,EU,FR,FR-HDF,Lesquin,LIL,"50.563332, 3.086886",0.5
LFRS,medium_airport,Nantes Atlantique Airport,EU,FR,FR-PDL,Nantes,NTE,"47.153198, -1.61073",0.5
LFST,medium_airport,Strasbourg Airport,EU,FR,FR-GES,Strasbourg,SXB,"48.538299560546875, 7.628230094909668",0.5
LGKO,medium_airport,Kos Airport,AS,GR,GR-L,Kos Island,KGS,"36.794523, 27.09115",0.5
LGKR,medium_airport,Corfu Ioannis Kapodistrias International Airport,EU,GR,GR-F,Kerkyra (Corfu),CFU,"39.601898, 19.911699",0.5
LGRP,medium_airport,Diagoras Airport,AS,GR,GR-L,Rhodes,RHO,"36.405399, 28.086201",0.5
LGSA,medium_airport,Chania International Airport,EU,GR,GR-M,Souda,CHQ,"35.5317, 24.1497",0.5
LICA,medium_airport,Lamezia Terme Sant'Eufemia International Airport,EU,IT,IT-78,Lamezia Terme (CZ),SUF,"38.905197, 16.243762",0.5
LICT,medium_airport,Vincenzo Florio Airport Trapani-Birgi,EU,IT,IT-82,Trapani (TP),TPS,"37.9114, 12.488",0.5
LIEA,medium_airport,Alghero-Fertilia Airport,EU,IT,IT-88,Alghero,AHO,"40.632099, 8.29077",0.5
LIEO,medium_airport,Olbia Costa Smeralda Airport,EU,IT,IT-88,Olbia (SS),OLB,"40.898701, 9.51763",0.5
LIML,medium_airport,Milano Linate Airport,EU,IT,IT-25,Segrate (MI),LIN,"45.445099, 9.27674",0.5
LIPH,medium_airport,Treviso Antonio Canova Airport,EU,IT,IT-34,Treviso (TV),TSF,"45.648399, 12.1944",0.5
LIRA,medium_airport,Ciampino–G. B. Pastine International Airport,EU,IT,IT-62,Rome,CIA,"41.7994, 12.5949",0.5
LIRQ,medium_airport,"Florence Airport, Peretola",EU,IT,IT-52,Firenze (FI),FLR,"43.808558, 11.202822",0.5
LOWS,medium_airport,Salzburg Airport,EU,AT,AT-5,Salzburg,SZG,"47.793301, 13.0043",0.5
MKJS,medium_airport,Sangster International Airport,NA,JM,JM-08,Montego Bay,MBJ,"18.5037, -77.913399",0.5
MROC,medium_airport,Juan Santamaría International Airport,NA,CR,CR-A,San José (Alajuela),SJO,"9.99386, -84.208801",0.5
NFFN,medium_airport,Nadi International Airport,OC,FJ,FJ-W,Nadi,NAN,"-17.755399703979492, 177.4429931640625",0.5
OAKB,medium_airport,Kabul International Airport,AS,AF,AF-KAB,Kabul,KBL,"34.565899, 69.212303",0.5
OPPS,medium_airport,Peshawar International Airport,AS,PK,PK-KP,Peshawar,PEW,"33.993900299072266, 71.51460266113281",0.5
ORER,medium_airport,Erbil International Airport,AS,IQ,IQ-AR,Arbil,EBL,"36.23759841918945, 43.963199615478516",0.5
OYSN,medium_airport,Sana'a International Airport,AS,YE,YE-SN,Sana'a,SAH,"15.476300239562988, 44.21969985961914",0.5
PABE,medium_airport,Bethel Airport,NA,US,US-AK,Bethel,BET,"60.77980042, -161.8379974",0.5
PAFA,medium_airport,Fairbanks International Airport,NA,US,US-AK,Fairbanks,FAI,"64.815102, -147.856003",0.5
RCMQ,medium_airport,Taichung International Airport / Ching Chuang Kang Air Base,AS,TW,TW-TXG,Taichung (Qingshui),RMQ,"24.2647, 120.621002",0.5
RCSS,medium_airport,Taipei Songshan Airport,AS,TW,TW-TPE,Taipei City,TSA,"25.069400787353516, 121.552001953125",0.5
SBCT,medium_airport,Afonso Pena Airport,SA,BR,BR-PR,Curitiba,CWB,"-25.5285, -49.1758",0.5
SBCY,medium_airport,Marechal Rondon Airport,SA,BR,BR-MT,Cuiabá,CGB,"-15.6529, -56.116699",0.5
SBKP,medium_airport,Viracopos International Airport,SA,BR,BR-SP,Campinas,VCP,"-23.007404, -47.134502",0.5
SBPA,medium_airport,Salgado Filho International Airport,SA,BR,BR-RS,Porto Alegre,POA,"-29.994712, -51.166592",0.5
SBRF,medium_airport,Recife/Guararapes - Gilberto Freyre International Airport,SA,BR,BR-PE,Recife,REC,"-8.125984, -34.923316",0.5
SBRJ,medium_airport,Santos Dumont Airport,SA,BR,BR-RJ,Rio de Janeiro,SDU,"-22.9105, -43.163101",0.5
SBSP,medium_airport,Congonhas Airport,SA,BR,BR-SP,São Paulo,CGH,"-23.627657, -46.654601",0.5
SKCL,medium_airport,Alfonso Bonilla Aragon International Airport,SA,CO,CO-VAC,Cali,CLO,"3.54322, -76.3816",0.5
SKRG,medium_airport,Jose Maria Córdova International Airport,SA,CO,CO-ANT,Medellín,MDE,"6.16454, -75.4231",0.5
SLLP,medium_airport,El Alto International Airport,SA,BO,BO-L,La Paz / El Alto,LPB,"-16.5132999420166, -68.19229888916016",0.5
TAPA,medium_airport,V C Bird International Airport,NA,AG,AG-03,Osbourn,ANU,"17.1367, -61.792702",0.5
TIST,medium_airport,Cyril E. King Airport,NA,VI,VI-U-A,Charlotte Amalie,STT,"18.337091, -64.977251",0.5
TTPP,medium_airport,Piarco International Airport,NA,TT,TT-TUP,Port of Spain,POS,"10.5954, -61.3372",0.5
UAFO,medium_airport,Osh Airport,AS,KG,KG-O,Osh,OSS,"40.6090011597, 72.793296814",0.5
UEEE,medium_airport,Yakutsk Airport,AS,RU,RU-SA,Yakutsk,YKS,"62.093299865722656, 129.77099609375",0.5
UHHH,medium_airport,Khabarovsk Novy Airport,AS,RU,RU-KHA,Khabarovsk,KHV,"48.528338, 135.188588",0.5
UIII,medium_airport,Irkutsk International Airport,EU,RU,RU-IRK,Irkutsk,IKT,"52.268002, 104.389",0.5
URKK,medium_airport,Krasnodar Pashkovsky International Airport,EU,RU,RU-KDA,Krasnodar,KRR,"45.034698, 39.170502",0.5
UTDD,medium_airport,Dushanbe Airport,AS,TJ,TJ-DU,Dushanbe,DYU,"38.543301, 68.824997",0.5
UTDL,medium_airport,Khujand Airport,AS,TJ,TJ-SU,Khujand,LBD,"40.215401, 69.694702",0.5
VAAH,medium_airport,Sardar Vallabh Bhai Patel International Airport,AS,IN,IN-GJ,Ahmedabad,AMD,"23.0772, 72.634697",0.5
VAPO,medium_airport,Pune Airport / Lohagaon Air Force Station,AS,IN,IN-MM,Pune,PNQ,"18.5821, 73.919701",0.5
VEGT,medium_airport,Lokpriya Gopinath Bordoloi International Airport,AS,IN,IN-AS,Guwahati,GAU,"26.10610008239746, 91.58589935302734",0.5
VLVT,medium_airport,Wattay International Airport,AS,LA,LA-VT,Vientiane,VTE,"17.988300323500003, 102.56300354",0.5
VOCL,medium_airport,Calicut International Airport,AS,IN,IN-KL,Calicut,CCJ,"11.1368, 75.955299",0.5
VVDN,medium_airport,Da Nang International Airport,AS,VN,VN-SCC,Da Nang,DAD,"16.0439, 108.198997",0.5
WARJ,medium_airport,Adisutjipto International Airport,AS,ID,ID-YO,Yogyakarta,JOG,"-7.78818, 110.431999",0.5
WBGG,medium_airport,Kuching International Airport,AS,MY,MY-13,Kuching,KCH,"1.487364, 110.352859",0.5
WBKK,medium_airport,Kota Kinabalu International Airport,AS,MY,MY-12,Kota Kinabalu,BKI,"5.932743, 116.049324",0.5
WIDD,medium_airport,Hang Nadim International Airport,AS,ID,ID-KR,Batam,BTH,"1.12103, 104.119003",0.5
WMKP,medium_airport,Penang International Airport,AS,MY,MY-07,Penang,PEN,"5.297140121459961, 100.2770004272461",0.5
WMSA,medium_airport,Sultan Abdul Aziz Shah International Airport,AS,MY,MY-10,Subang,SZB,"3.130579948425293, 101.54900360107422",0.5
YBCG,medium_airport,Gold Coast Airport,OC,AU,AU-QLD,Gold Coast,OOL,"-28.165962, 153.506641",0.5
YBCS,medium_airport,Cairns International Airport,OC,AU,AU-QLD,Cairns,CNS,"-16.885799408, 145.755004883",0.5
ZBDS,medium_airport,Ordos Ejin Horo Airport,AS,CN,CN-15,Ordos,DSN,"39.493514, 109.8599",0.5
ZBOW,medium_airport,Baotou Donghe Airport,AS,CN,CN-15,Baotou,BAV,"40.560001, 109.997002",0.5
ZBSJ,medium_airport,Shijiazhuang Zhengding International Airport,AS,CN,CN-13,Shijiazhuang,SJW,"38.280701, 114.696999",0.5
ZBYC,medium_airport,Yuncheng Zhangxiao Airport,AS,CN,CN-61,Yuncheng (Yanhu),YCU,"35.116391, 111.031389",0.5
ZGOW,medium_airport,Jieyang Chaoshan International Airport,AS,CN,CN-44,Jieyang (Rongcheng),SWA,"23.552, 116.5033",0.5
ZGSD,medium_airport,Zhuhai Jinwan Airport,AS,CN,CN-44,Zhuhai (Jinwan),ZUH,"22.006399, 113.375999",0.5
ZLIC,medium_airport,Yinchuan Hedong International Airport,AS,CN,CN-64,Yinchuan,INC,"38.322758, 106.393214",0.5
ZLXN,medium_airport,Xining Caojiabao International Airport,AS,CN,CN-63,Haidong (Huzhu Tu Autonomous County),XNN,"36.530093, 102.040062",0.5
ZPLJ,medium_airport,Lijiang Sanyi International Airport,AS,CN,CN-53,Lijiang (Gucheng),LJG,"26.68, 100.246002",0.5
ZSCG,medium_airport,Changzhou Benniu International Airport,AS,CN,CN-32,Changzhou,CZX,"31.919701, 119.778999",0.5
ZSOF,medium_airport,Hefei Xinqiao International Airport,AS,CN,CN-34,Hefei,HFE,"31.98779, 116.9769",0.5
ZSQZ,medium_airport,Quanzhou Jinjiang International Airport,AS,CN,CN-35,Quanzhou,JJN,"24.7964, 118.589996",0.5
ZSTX,medium_airport,Tunxi International Airport,AS,CN,CN-34,Huangshan,TXN,"29.733299255371094, 118.25599670410156",0.5
ZSWX,medium_airport,Sunan Shuofang International Airport,AS,CN,CN-32,Wuxi,WUX,"31.494400024399997, 120.429000854",0.5
ZULS,medium_airport,Lhasa Gonggar Airport,AS,CN,CN-54,Shannan (Gonggar),LXA,"29.298001, 90.911951",0.5
